<ImportExportXml xmlns:xsi="http://www.w3.org/2001/XMLSchema-instance" OrganizationVersion="9.2.25034.196" OrganizationSchemaType="Standard" CRMServerServiceabilityVersion="9.2.25034.00196">
  <Entities></Entities>
  <Roles></Roles>
  <Workflows></Workflows>
  <FieldSecurityProfiles></FieldSecurityProfiles>
  <Templates />
  <EntityMaps />
  <EntityRelationships />
  <OrganizationSettings />
  <optionsets />
  <CustomControls />
  <EntityDataProviders />
  <CanvasApps>
    <CanvasApp>
      <Name>bri_moderncontrolsplus_7605a</Name>
      <AppVersion>2025-02-10T16:41:08Z</AppVersion>
      <Status>Ready</Status>
      <CreatedByClientVersion>3.25014.16.0</CreatedByClientVersion>
      <MinClientVersion>3.25014.16.0</MinClientVersion>
      <Tags>{"primaryDeviceWidth":"250","primaryDeviceHeight":"280","supportsPortrait":"true","supportsLandscape":"true","primaryFormFactor":"Phone","showStatusBar":"false","publisherVersion":"3.25014.16","minimumRequiredApiVersion":"2.2.0","hasComponent":"true","hasUnlockedComponent":"true","isUnifiedRootApp":"false","sienaVersion":"20241023T134019Z-3.24101.10.0"}</Tags>
      <IsCdsUpgraded>0</IsCdsUpgraded>
      <GalleryItemId xsi:nil="true"></GalleryItemId>
      <BackgroundColor>RGBA(251,101,60,1)</BackgroundColor>
      <DisplayName>Modern Controls plus</DisplayName>
      <Description xsi:nil="true"></Description>
      <CommitMessage xsi:nil="true"></CommitMessage>
      <Publisher xsi:nil="true"></Publisher>
      <AuthorizationReferences>[]</AuthorizationReferences>
      <ConnectionReferences>{}</ConnectionReferences>
      <DatabaseReferences>{"default.cds":{"databaseDetails":{"referenceType":"Environmental","environmentName":"default.cds","overrideValues":{"status":"NotSpecified","environmentVariableName":""}},"dataSources":{"Accounts":{"entitySetName":"accounts","logicalName":"account"}}}}</DatabaseReferences>
      <AppComponents>[{"appComponentName":"883cb172d4ca48a0ad240b03ccce255e","displayName":"cmpFieldTextInput","appName":"e209cffc-9162-4bca-86c2-aff0fbe4f0c2","appVersion":"2025-02-10T16:41:08Z","appComponentLibraryLogicalName":"bri_moderncontrolsplus_7605a","appDisplayName":"Modern Controls plus","environmentName":"0e393413-90b0-effe-bdc5-39fbb65706a5","owner":{"id":"6e61d88b-f942-43ce-9647-1bef59aa3f7c","displayName":"Josh Giles","email":"Josh.Giles@bridgepowertest.onmicrosoft.com","type":"User","tenantId":"a18b929a-927f-4dbd-b507-40492a3d4956","userPrincipalName":"Josh.Giles@bridgepowertest.onmicrosoft.com"},"allowCustomization":true,"createdOn":"2024-09-14T19:26:11.898Z","lastModifiedOn":"2025-02-10T16:23:00.65Z","connectionReferences":{},"databaseReferences":{"default.cds":{"databaseDetails":{"referenceType":"NotSpecified","environmentName":"default.cds","overrideValues":{"status":"NotSpecified","environmentVariableName":""}},"dataSources":{"Accounts":{"entitySetName":"accounts","logicalName":"account"}}}}},{"appComponentName":"c16871f0ef20425983baac7b62e1b8ec","displayName":"cmpFieldNumberInput","appName":"e209cffc-9162-4bca-86c2-aff0fbe4f0c2","appVersion":"2025-02-10T16:41:08Z","appComponentLibraryLogicalName":"bri_moderncontrolsplus_7605a","appDisplayName":"Modern Controls plus","environmentName":"0e393413-90b0-effe-bdc5-39fbb65706a5","owner":{"id":"6e61d88b-f942-43ce-9647-1bef59aa3f7c","displayName":"Josh Giles","email":"Josh.Giles@bridgepowertest.onmicrosoft.com","type":"User","tenantId":"a18b929a-927f-4dbd-b507-40492a3d4956","userPrincipalName":"Josh.Giles@bridgepowertest.onmicrosoft.com"},"allowCustomization":true,"createdOn":"2024-09-14T19:26:11.898Z","lastModifiedOn":"2025-02-10T16:23:00.65Z","connectionReferences":{},"databaseReferences":{"default.cds":{"databaseDetails":{"referenceType":"NotSpecified","environmentName":"default.cds","overrideValues":{"status":"NotSpecified","environmentVariableName":""}},"dataSources":{"Accounts":{"entitySetName":"accounts","logicalName":"account"}}}}},{"appComponentName":"1ca13eef4797417db3d3e4fcd6695b6e","displayName":"cmpFieldDateInput","appName":"e209cffc-9162-4bca-86c2-aff0fbe4f0c2","appVersion":"2025-02-10T16:41:08Z","appComponentLibraryLogicalName":"bri_moderncontrolsplus_7605a","appDisplayName":"Modern Controls plus","environmentName":"0e393413-90b0-effe-bdc5-39fbb65706a5","owner":{"id":"6e61d88b-f942-43ce-9647-1bef59aa3f7c","displayName":"Josh Giles","email":"Josh.Giles@bridgepowertest.onmicrosoft.com","type":"User","tenantId":"a18b929a-927f-4dbd-b507-40492a3d4956","userPrincipalName":"Josh.Giles@bridgepowertest.onmicrosoft.com"},"allowCustomization":true,"createdOn":"2024-09-14T19:26:11.898Z","lastModifiedOn":"2025-02-10T16:23:00.65Z","connectionReferences":{},"databaseReferences":{"default.cds":{"databaseDetails":{"referenceType":"NotSpecified","environmentName":"default.cds","overrideValues":{"status":"NotSpecified","environmentVariableName":""}},"dataSources":{"Accounts":{"entitySetName":"accounts","logicalName":"account"}}}}},{"appComponentName":"aab0febce91d4ecfbd029f2680ce9f4b","displayName":"cmpFieldComboBox","appName":"e209cffc-9162-4bca-86c2-aff0fbe4f0c2","appVersion":"2025-02-10T16:41:08Z","appComponentLibraryLogicalName":"bri_moderncontrolsplus_7605a","appDisplayName":"Modern Controls plus","environmentName":"0e393413-90b0-effe-bdc5-39fbb65706a5","owner":{"id":"6e61d88b-f942-43ce-9647-1bef59aa3f7c","displayName":"Josh Giles","email":"Josh.Giles@bridgepowertest.onmicrosoft.com","type":"User","tenantId":"a18b929a-927f-4dbd-b507-40492a3d4956","userPrincipalName":"Josh.Giles@bridgepowertest.onmicrosoft.com"},"allowCustomization":true,"createdOn":"2024-09-14T19:26:11.898Z","lastModifiedOn":"2025-02-10T16:23:00.65Z","connectionReferences":{},"databaseReferences":{"default.cds":{"databaseDetails":{"referenceType":"NotSpecified","environmentName":"default.cds","overrideValues":{"status":"NotSpecified","environmentVariableName":""}},"dataSources":{"Accounts":{"entitySetName":"accounts","logicalName":"account"}}}}},{"appComponentName":"2db2e192c65543dc856009f86588def1","displayName":"cmpDivider","appName":"e209cffc-9162-4bca-86c2-aff0fbe4f0c2","appVersion":"2025-02-10T16:41:08Z","appComponentLibraryLogicalName":"bri_moderncontrolsplus_7605a","appDisplayName":"Modern Controls plus","environmentName":"0e393413-90b0-effe-bdc5-39fbb65706a5","owner":{"id":"6e61d88b-f942-43ce-9647-1bef59aa3f7c","displayName":"Josh Giles","email":"Josh.Giles@bridgepowertest.onmicrosoft.com","type":"User","tenantId":"a18b929a-927f-4dbd-b507-40492a3d4956","userPrincipalName":"Josh.Giles@bridgepowertest.onmicrosoft.com"},"allowCustomization":true,"createdOn":"2024-09-14T19:26:11.898Z","lastModifiedOn":"2025-02-10T16:23:00.65Z","connectionReferences":{},"databaseReferences":{"default.cds":{"databaseDetails":{"referenceType":"NotSpecified","environmentName":"default.cds","overrideValues":{"status":"NotSpecified","environmentVariableName":""}},"dataSources":{"Accounts":{"entitySetName":"accounts","logicalName":"account"}}}}},{"appComponentName":"2488c50a976e489babd4d57dc82295e6","displayName":"cmpNav","appName":"e209cffc-9162-4bca-86c2-aff0fbe4f0c2","appVersion":"2025-02-10T16:41:08Z","appComponentLibraryLogicalName":"bri_moderncontrolsplus_7605a","appDisplayName":"Modern Controls plus","environmentName":"0e393413-90b0-effe-bdc5-39fbb65706a5","owner":{"id":"6e61d88b-f942-43ce-9647-1bef59aa3f7c","displayName":"Josh Giles","email":"Josh.Giles@bridgepowertest.onmicrosoft.com","type":"User","tenantId":"a18b929a-927f-4dbd-b507-40492a3d4956","userPrincipalName":"Josh.Giles@bridgepowertest.onmicrosoft.com"},"allowCustomization":true,"createdOn":"2024-09-14T19:26:11.898Z","lastModifiedOn":"2025-02-10T16:23:00.65Z","connectionReferences":{},"databaseReferences":{"default.cds":{"databaseDetails":{"referenceType":"NotSpecified","environmentName":"default.cds","overrideValues":{"status":"NotSpecified","environmentVariableName":""}},"dataSources":{"Accounts":{"entitySetName":"accounts","logicalName":"account"}}}}},{"appComponentName":"98747267715b4a97be5e7d7fe9778ba0","displayName":"cmpSkeleton","appName":"e209cffc-9162-4bca-86c2-aff0fbe4f0c2","appVersion":"2025-02-10T16:41:08Z","appComponentLibraryLogicalName":"bri_moderncontrolsplus_7605a","appDisplayName":"Modern Controls plus","environmentName":"0e393413-90b0-effe-bdc5-39fbb65706a5","owner":{"id":"6e61d88b-f942-43ce-9647-1bef59aa3f7c","displayName":"Josh Giles","email":"Josh.Giles@bridgepowertest.onmicrosoft.com","type":"User","tenantId":"a18b929a-927f-4dbd-b507-40492a3d4956","userPrincipalName":"Josh.Giles@bridgepowertest.onmicrosoft.com"},"allowCustomization":true,"createdOn":"2024-09-14T19:26:11.898Z","lastModifiedOn":"2025-02-10T16:23:00.65Z","connectionReferences":{},"databaseReferences":{"default.cds":{"databaseDetails":{"referenceType":"NotSpecified","environmentName":"default.cds","overrideValues":{"status":"NotSpecified","environmentVariableName":""}},"dataSources":{"Accounts":{"entitySetName":"accounts","logicalName":"account"}}}}},{"appComponentName":"5c0481eaa5aa49ae9ece01c0d0603afa","displayName":"cmpDateRange","appName":"e209cffc-9162-4bca-86c2-aff0fbe4f0c2","appVersion":"2025-02-10T16:41:08Z","appComponentLibraryLogicalName":"bri_moderncontrolsplus_7605a","appDisplayName":"Modern Controls plus","environmentName":"0e393413-90b0-effe-bdc5-39fbb65706a5","owner":{"id":"6e61d88b-f942-43ce-9647-1bef59aa3f7c","displayName":"Josh Giles","email":"Josh.Giles@bridgepowertest.onmicrosoft.com","type":"User","tenantId":"a18b929a-927f-4dbd-b507-40492a3d4956","userPrincipalName":"Josh.Giles@bridgepowertest.onmicrosoft.com"},"allowCustomization":true,"createdOn":"2024-09-14T19:26:11.898Z","lastModifiedOn":"2025-02-10T16:23:00.65Z","connectionReferences":{},"databaseReferences":{"default.cds":{"databaseDetails":{"referenceType":"NotSpecified","environmentName":"default.cds","overrideValues":{"status":"NotSpecified","environmentVariableName":""}},"dataSources":{"Accounts":{"entitySetName":"accounts","logicalName":"account"}}}}}]</AppComponents>
      <AppComponentDependencies>[]</AppComponentDependencies>
      <CanConsumeAppPass>0</CanConsumeAppPass>
      <CanvasAppType>1</CanvasAppType>
      <BypassConsent>0</BypassConsent>
      <AdminControlBypassConsent>0</AdminControlBypassConsent>
      <EmbeddedApp xsi:nil="true"></EmbeddedApp>
      <IntroducedVersion>1.0</IntroducedVersion>
      <CdsDependencies>{"cdsdependencies":[{"logicalname":"account","componenttype":1}]}</CdsDependencies>
      <IsCustomizable>1</IsCustomizable>
      <BackgroundImageUri>/CanvasApps/bri_moderncontrolsplus_7605a_BackgroundImageUri</BackgroundImageUri>
      <DocumentUri>/CanvasApps/bri_moderncontrolsplus_7605a_DocumentUri.msapp</DocumentUri>
      <AdditionalUris>
        <AdditionalUri>/CanvasApps/bri_moderncontrolsplus_7605a_AdditionalUris0_identity.json</AdditionalUri>
      </AdditionalUris>
    </CanvasApp>
  </CanvasApps>
  <Languages>
    <Language>1033</Language>
  </Languages>
</ImportExportXml>